{"XLMUSDT": 1780716564.9420614, "BNBUSDT": 1780747462.1338198, "ENAUSDT": 1780751457.1101577}